{"loss": [0.008823049775569244], "acc": [0.45478489921739795]}