{"loss": [0.0041976290159303565, 0.004638175711774082], "acc": [0.9973661106233538, 0.9973661106233538]}