{"loss": [0.006741612965259063], "acc": [0.4907813871032424]}