{"loss": [0.06419042969340029], "acc": [0.5601404741524185]}