{"loss": [0.00765699747936756], "acc": [0.48639157173715214]}