{"loss": [0.02621067942306563], "acc": [0.9973661106233538]}