{"loss": [0.005530969223826862], "acc": [0.001755926251097454]}