{"loss": [0.00701616706753426], "acc": [0.48990342426551237]}